id,persona_id,x,y,tags,story
1,1,1,1,#차분함 #예민함 #엉뚱함 #감성적,"그날은 유난히 바람이 차가웠다. 말없이 흘러가는 사람들 속에서 나는 그저 멈춰 서 있었다. 누군가 나를 이해해주길 바랐지만, 아무 말 없이 스쳐가는 눈빛들만이 남았다. 오랜만에 꺼내든 사진 한 장, 그리고 그 속에 담긴 따뜻했던 기억 하나. 외로움은 때로 고요하게 나를 감싸고, 나는 그 안에서 잠시 안정을 느낀다. 누군가와의 연결이 그리워질 때면, 조용히 다시 그 골목을 걷는다."
2,2,1,2,#혼자생각많음 #신중함 #상처받기쉬운 #창의적인,"그날은 유난히 바람이 차가웠다. 말없이 흘러가는 사람들 속에서 나는 그저 멈춰 서 있었다. 누군가 나를 이해해주길 바랐지만, 아무 말 없이 스쳐가는 눈빛들만이 남았다. 오랜만에 꺼내든 사진 한 장, 그리고 그 속에 담긴 따뜻했던 기억 하나. 외로움은 때로 고요하게 나를 감싸고, 나는 그 안에서 잠시 안정을 느낀다. 누군가와의 연결이 그리워질 때면, 조용히 다시 그 골목을 걷는다."
3,3,1,3,#이성적 #내향적 #상처받기쉬운 #사랑많은,"그날은 유난히 바람이 차가웠다. 말없이 흘러가는 사람들 속에서 나는 그저 멈춰 서 있었다. 누군가 나를 이해해주길 바랐지만, 아무 말 없이 스쳐가는 눈빛들만이 남았다. 오랜만에 꺼내든 사진 한 장, 그리고 그 속에 담긴 따뜻했던 기억 하나. 외로움은 때로 고요하게 나를 감싸고, 나는 그 안에서 잠시 안정을 느낀다. 누군가와의 연결이 그리워질 때면, 조용히 다시 그 골목을 걷는다."
4,4,1,4,#신중함 #열정적인 #외로움을잘느낌 #낭만주의자,"비 오는 오후, 혼자 앉아 커피를 마셨다. 창밖 풍경은 흐렸고, 마음도 잔잔했다. 요즘은 자주 생각한다. 내가 원하는 삶이 어떤 건지, 누군가와 함께 걷는다는 건 어떤 의미인지. 크게 흔들리지 않는 하루들 속에서, 나는 나 자신과 대화를 나누고 있었다. 조금 느려도 괜찮아. 내가 나로서 살아간다는 감각을 잃지 않는다면, 그것만으로도 충분하다."
5,5,1,5,#고독을즐김 #감성적 #사랑많은 #열정적인,"비 오는 오후, 혼자 앉아 커피를 마셨다. 창밖 풍경은 흐렸고, 마음도 잔잔했다. 요즘은 자주 생각한다. 내가 원하는 삶이 어떤 건지, 누군가와 함께 걷는다는 건 어떤 의미인지. 크게 흔들리지 않는 하루들 속에서, 나는 나 자신과 대화를 나누고 있었다. 조금 느려도 괜찮아. 내가 나로서 살아간다는 감각을 잃지 않는다면, 그것만으로도 충분하다."
6,6,1,6,#현실주의자 #엉뚱함 #고독을즐김 #외로움을잘느낌,"비 오는 오후, 혼자 앉아 커피를 마셨다. 창밖 풍경은 흐렸고, 마음도 잔잔했다. 요즘은 자주 생각한다. 내가 원하는 삶이 어떤 건지, 누군가와 함께 걷는다는 건 어떤 의미인지. 크게 흔들리지 않는 하루들 속에서, 나는 나 자신과 대화를 나누고 있었다. 조금 느려도 괜찮아. 내가 나로서 살아간다는 감각을 잃지 않는다면, 그것만으로도 충분하다."
7,7,1,7,#내향적 #혼자생각많음 #이성적 #낭만주의자,"평소와 다름없는 일상이었다. 그런데 그녀가 웃으며 다가오던 순간, 뭔가 달라졌다. 심장은 조용히 떨렸고, 말 한마디 건네는 것도 조심스러웠다. 그녀의 말투, 작은 몸짓 하나까지도 나를 설레게 했다. 그날 이후, 나는 매일 아침 그녀와 마주칠까 기대하며 같은 길을 걷는다. 이 감정이 사랑인지 확신할 수 없지만, 따뜻한 설렘이 나를 가득 채운다."
8,8,1,8,#명랑한성격 #무심한듯다정한 #사랑많은 #창의적인,"평소와 다름없는 일상이었다. 그런데 그녀가 웃으며 다가오던 순간, 뭔가 달라졌다. 심장은 조용히 떨렸고, 말 한마디 건네는 것도 조심스러웠다. 그녀의 말투, 작은 몸짓 하나까지도 나를 설레게 했다. 그날 이후, 나는 매일 아침 그녀와 마주칠까 기대하며 같은 길을 걷는다. 이 감정이 사랑인지 확신할 수 없지만, 따뜻한 설렘이 나를 가득 채운다."
9,9,1,9,#명랑한성격 #고독을즐김 #낭만주의자 #신중함,"평소와 다름없는 일상이었다. 그런데 그녀가 웃으며 다가오던 순간, 뭔가 달라졌다. 심장은 조용히 떨렸고, 말 한마디 건네는 것도 조심스러웠다. 그녀의 말투, 작은 몸짓 하나까지도 나를 설레게 했다. 그날 이후, 나는 매일 아침 그녀와 마주칠까 기대하며 같은 길을 걷는다. 이 감정이 사랑인지 확신할 수 없지만, 따뜻한 설렘이 나를 가득 채운다."
10,10,2,1,#창의적인 #외로움을잘느낌 #신중함 #고독을즐김,"그날은 유난히 바람이 차가웠다. 말없이 흘러가는 사람들 속에서 나는 그저 멈춰 서 있었다. 누군가 나를 이해해주길 바랐지만, 아무 말 없이 스쳐가는 눈빛들만이 남았다. 오랜만에 꺼내든 사진 한 장, 그리고 그 속에 담긴 따뜻했던 기억 하나. 외로움은 때로 고요하게 나를 감싸고, 나는 그 안에서 잠시 안정을 느낀다. 누군가와의 연결이 그리워질 때면, 조용히 다시 그 골목을 걷는다."
11,11,2,2,#엉뚱함 #외로움을잘느낌 #차분함 #고독을즐김,"그날은 유난히 바람이 차가웠다. 말없이 흘러가는 사람들 속에서 나는 그저 멈춰 서 있었다. 누군가 나를 이해해주길 바랐지만, 아무 말 없이 스쳐가는 눈빛들만이 남았다. 오랜만에 꺼내든 사진 한 장, 그리고 그 속에 담긴 따뜻했던 기억 하나. 외로움은 때로 고요하게 나를 감싸고, 나는 그 안에서 잠시 안정을 느낀다. 누군가와의 연결이 그리워질 때면, 조용히 다시 그 골목을 걷는다."
12,12,2,3,#명랑한성격 #현실주의자 #차분함 #창의적인,"그날은 유난히 바람이 차가웠다. 말없이 흘러가는 사람들 속에서 나는 그저 멈춰 서 있었다. 누군가 나를 이해해주길 바랐지만, 아무 말 없이 스쳐가는 눈빛들만이 남았다. 오랜만에 꺼내든 사진 한 장, 그리고 그 속에 담긴 따뜻했던 기억 하나. 외로움은 때로 고요하게 나를 감싸고, 나는 그 안에서 잠시 안정을 느낀다. 누군가와의 연결이 그리워질 때면, 조용히 다시 그 골목을 걷는다."
13,13,2,4,#열정적인 #마이웨이 #감성적 #이성적,"비 오는 오후, 혼자 앉아 커피를 마셨다. 창밖 풍경은 흐렸고, 마음도 잔잔했다. 요즘은 자주 생각한다. 내가 원하는 삶이 어떤 건지, 누군가와 함께 걷는다는 건 어떤 의미인지. 크게 흔들리지 않는 하루들 속에서, 나는 나 자신과 대화를 나누고 있었다. 조금 느려도 괜찮아. 내가 나로서 살아간다는 감각을 잃지 않는다면, 그것만으로도 충분하다."
14,14,2,5,#고독을즐김 #무심한듯다정한 #예민함 #신중함,"비 오는 오후, 혼자 앉아 커피를 마셨다. 창밖 풍경은 흐렸고, 마음도 잔잔했다. 요즘은 자주 생각한다. 내가 원하는 삶이 어떤 건지, 누군가와 함께 걷는다는 건 어떤 의미인지. 크게 흔들리지 않는 하루들 속에서, 나는 나 자신과 대화를 나누고 있었다. 조금 느려도 괜찮아. 내가 나로서 살아간다는 감각을 잃지 않는다면, 그것만으로도 충분하다."
15,15,2,6,#무심한듯다정한 #긍정적인 #현실주의자 #차분함,"비 오는 오후, 혼자 앉아 커피를 마셨다. 창밖 풍경은 흐렸고, 마음도 잔잔했다. 요즘은 자주 생각한다. 내가 원하는 삶이 어떤 건지, 누군가와 함께 걷는다는 건 어떤 의미인지. 크게 흔들리지 않는 하루들 속에서, 나는 나 자신과 대화를 나누고 있었다. 조금 느려도 괜찮아. 내가 나로서 살아간다는 감각을 잃지 않는다면, 그것만으로도 충분하다."
16,16,2,7,#창의적인 #신중함 #마이웨이 #긍정적인,"평소와 다름없는 일상이었다. 그런데 그녀가 웃으며 다가오던 순간, 뭔가 달라졌다. 심장은 조용히 떨렸고, 말 한마디 건네는 것도 조심스러웠다. 그녀의 말투, 작은 몸짓 하나까지도 나를 설레게 했다. 그날 이후, 나는 매일 아침 그녀와 마주칠까 기대하며 같은 길을 걷는다. 이 감정이 사랑인지 확신할 수 없지만, 따뜻한 설렘이 나를 가득 채운다."
17,17,2,8,#마이웨이 #신중함 #사랑많은 #현실주의자,"평소와 다름없는 일상이었다. 그런데 그녀가 웃으며 다가오던 순간, 뭔가 달라졌다. 심장은 조용히 떨렸고, 말 한마디 건네는 것도 조심스러웠다. 그녀의 말투, 작은 몸짓 하나까지도 나를 설레게 했다. 그날 이후, 나는 매일 아침 그녀와 마주칠까 기대하며 같은 길을 걷는다. 이 감정이 사랑인지 확신할 수 없지만, 따뜻한 설렘이 나를 가득 채운다."
18,18,2,9,#외로움을잘느낌 #무심한듯다정한 #신중함 #혼자생각많음,"평소와 다름없는 일상이었다. 그런데 그녀가 웃으며 다가오던 순간, 뭔가 달라졌다. 심장은 조용히 떨렸고, 말 한마디 건네는 것도 조심스러웠다. 그녀의 말투, 작은 몸짓 하나까지도 나를 설레게 했다. 그날 이후, 나는 매일 아침 그녀와 마주칠까 기대하며 같은 길을 걷는다. 이 감정이 사랑인지 확신할 수 없지만, 따뜻한 설렘이 나를 가득 채운다."
19,19,3,1,#이성적 #외로움을잘느낌 #혼자생각많음 #엉뚱함,"그날은 유난히 바람이 차가웠다. 말없이 흘러가는 사람들 속에서 나는 그저 멈춰 서 있었다. 누군가 나를 이해해주길 바랐지만, 아무 말 없이 스쳐가는 눈빛들만이 남았다. 오랜만에 꺼내든 사진 한 장, 그리고 그 속에 담긴 따뜻했던 기억 하나. 외로움은 때로 고요하게 나를 감싸고, 나는 그 안에서 잠시 안정을 느낀다. 누군가와의 연결이 그리워질 때면, 조용히 다시 그 골목을 걷는다."
20,20,3,2,#혼자생각많음 #사랑많은 #엉뚱함 #예민함,"그날은 유난히 바람이 차가웠다. 말없이 흘러가는 사람들 속에서 나는 그저 멈춰 서 있었다. 누군가 나를 이해해주길 바랐지만, 아무 말 없이 스쳐가는 눈빛들만이 남았다. 오랜만에 꺼내든 사진 한 장, 그리고 그 속에 담긴 따뜻했던 기억 하나. 외로움은 때로 고요하게 나를 감싸고, 나는 그 안에서 잠시 안정을 느낀다. 누군가와의 연결이 그리워질 때면, 조용히 다시 그 골목을 걷는다."
21,21,3,3,#사랑많은 #마이웨이 #고독을즐김 #예민함,"그날은 유난히 바람이 차가웠다. 말없이 흘러가는 사람들 속에서 나는 그저 멈춰 서 있었다. 누군가 나를 이해해주길 바랐지만, 아무 말 없이 스쳐가는 눈빛들만이 남았다. 오랜만에 꺼내든 사진 한 장, 그리고 그 속에 담긴 따뜻했던 기억 하나. 외로움은 때로 고요하게 나를 감싸고, 나는 그 안에서 잠시 안정을 느낀다. 누군가와의 연결이 그리워질 때면, 조용히 다시 그 골목을 걷는다."
22,22,3,4,#열정적인 #상처받기쉬운 #마이웨이 #낭만주의자,"비 오는 오후, 혼자 앉아 커피를 마셨다. 창밖 풍경은 흐렸고, 마음도 잔잔했다. 요즘은 자주 생각한다. 내가 원하는 삶이 어떤 건지, 누군가와 함께 걷는다는 건 어떤 의미인지. 크게 흔들리지 않는 하루들 속에서, 나는 나 자신과 대화를 나누고 있었다. 조금 느려도 괜찮아. 내가 나로서 살아간다는 감각을 잃지 않는다면, 그것만으로도 충분하다."
23,23,3,5,#상처받기쉬운 #사랑많은 #마이웨이 #혼자생각많음,"비 오는 오후, 혼자 앉아 커피를 마셨다. 창밖 풍경은 흐렸고, 마음도 잔잔했다. 요즘은 자주 생각한다. 내가 원하는 삶이 어떤 건지, 누군가와 함께 걷는다는 건 어떤 의미인지. 크게 흔들리지 않는 하루들 속에서, 나는 나 자신과 대화를 나누고 있었다. 조금 느려도 괜찮아. 내가 나로서 살아간다는 감각을 잃지 않는다면, 그것만으로도 충분하다."
24,24,3,6,#신중함 #외로움을잘느낌 #창의적인 #고독을즐김,"비 오는 오후, 혼자 앉아 커피를 마셨다. 창밖 풍경은 흐렸고, 마음도 잔잔했다. 요즘은 자주 생각한다. 내가 원하는 삶이 어떤 건지, 누군가와 함께 걷는다는 건 어떤 의미인지. 크게 흔들리지 않는 하루들 속에서, 나는 나 자신과 대화를 나누고 있었다. 조금 느려도 괜찮아. 내가 나로서 살아간다는 감각을 잃지 않는다면, 그것만으로도 충분하다."
25,25,3,7,#상처받기쉬운 #차분함 #창의적인 #낭만주의자,"평소와 다름없는 일상이었다. 그런데 그녀가 웃으며 다가오던 순간, 뭔가 달라졌다. 심장은 조용히 떨렸고, 말 한마디 건네는 것도 조심스러웠다. 그녀의 말투, 작은 몸짓 하나까지도 나를 설레게 했다. 그날 이후, 나는 매일 아침 그녀와 마주칠까 기대하며 같은 길을 걷는다. 이 감정이 사랑인지 확신할 수 없지만, 따뜻한 설렘이 나를 가득 채운다."
26,26,3,8,#신중함 #명랑한성격 #사랑많은 #상처받기쉬운,"평소와 다름없는 일상이었다. 그런데 그녀가 웃으며 다가오던 순간, 뭔가 달라졌다. 심장은 조용히 떨렸고, 말 한마디 건네는 것도 조심스러웠다. 그녀의 말투, 작은 몸짓 하나까지도 나를 설레게 했다. 그날 이후, 나는 매일 아침 그녀와 마주칠까 기대하며 같은 길을 걷는다. 이 감정이 사랑인지 확신할 수 없지만, 따뜻한 설렘이 나를 가득 채운다."
27,27,3,9,#마이웨이 #명랑한성격 #현실주의자 #감성적,"평소와 다름없는 일상이었다. 그런데 그녀가 웃으며 다가오던 순간, 뭔가 달라졌다. 심장은 조용히 떨렸고, 말 한마디 건네는 것도 조심스러웠다. 그녀의 말투, 작은 몸짓 하나까지도 나를 설레게 했다. 그날 이후, 나는 매일 아침 그녀와 마주칠까 기대하며 같은 길을 걷는다. 이 감정이 사랑인지 확신할 수 없지만, 따뜻한 설렘이 나를 가득 채운다."
28,28,4,1,#신중함 #혼자생각많음 #감성적 #현실주의자,"비 오는 오후, 혼자 앉아 커피를 마셨다. 창밖 풍경은 흐렸고, 마음도 잔잔했다. 요즘은 자주 생각한다. 내가 원하는 삶이 어떤 건지, 누군가와 함께 걷는다는 건 어떤 의미인지. 크게 흔들리지 않는 하루들 속에서, 나는 나 자신과 대화를 나누고 있었다. 조금 느려도 괜찮아. 내가 나로서 살아간다는 감각을 잃지 않는다면, 그것만으로도 충분하다."
29,29,4,2,#무심한듯다정한 #내향적 #열정적인 #창의적인,"비 오는 오후, 혼자 앉아 커피를 마셨다. 창밖 풍경은 흐렸고, 마음도 잔잔했다. 요즘은 자주 생각한다. 내가 원하는 삶이 어떤 건지, 누군가와 함께 걷는다는 건 어떤 의미인지. 크게 흔들리지 않는 하루들 속에서, 나는 나 자신과 대화를 나누고 있었다. 조금 느려도 괜찮아. 내가 나로서 살아간다는 감각을 잃지 않는다면, 그것만으로도 충분하다."
30,30,4,3,#창의적인 #감성적 #이성적 #무심한듯다정한,"비 오는 오후, 혼자 앉아 커피를 마셨다. 창밖 풍경은 흐렸고, 마음도 잔잔했다. 요즘은 자주 생각한다. 내가 원하는 삶이 어떤 건지, 누군가와 함께 걷는다는 건 어떤 의미인지. 크게 흔들리지 않는 하루들 속에서, 나는 나 자신과 대화를 나누고 있었다. 조금 느려도 괜찮아. 내가 나로서 살아간다는 감각을 잃지 않는다면, 그것만으로도 충분하다."
31,31,4,4,#차분함 #상처받기쉬운 #현실주의자 #신중함,"비 오는 오후, 혼자 앉아 커피를 마셨다. 창밖 풍경은 흐렸고, 마음도 잔잔했다. 요즘은 자주 생각한다. 내가 원하는 삶이 어떤 건지, 누군가와 함께 걷는다는 건 어떤 의미인지. 크게 흔들리지 않는 하루들 속에서, 나는 나 자신과 대화를 나누고 있었다. 조금 느려도 괜찮아. 내가 나로서 살아간다는 감각을 잃지 않는다면, 그것만으로도 충분하다."
32,32,4,5,#상처받기쉬운 #이성적 #내향적 #무심한듯다정한,"비 오는 오후, 혼자 앉아 커피를 마셨다. 창밖 풍경은 흐렸고, 마음도 잔잔했다. 요즘은 자주 생각한다. 내가 원하는 삶이 어떤 건지, 누군가와 함께 걷는다는 건 어떤 의미인지. 크게 흔들리지 않는 하루들 속에서, 나는 나 자신과 대화를 나누고 있었다. 조금 느려도 괜찮아. 내가 나로서 살아간다는 감각을 잃지 않는다면, 그것만으로도 충분하다."
33,33,4,6,#낭만주의자 #예민함 #감성적 #마이웨이,"비 오는 오후, 혼자 앉아 커피를 마셨다. 창밖 풍경은 흐렸고, 마음도 잔잔했다. 요즘은 자주 생각한다. 내가 원하는 삶이 어떤 건지, 누군가와 함께 걷는다는 건 어떤 의미인지. 크게 흔들리지 않는 하루들 속에서, 나는 나 자신과 대화를 나누고 있었다. 조금 느려도 괜찮아. 내가 나로서 살아간다는 감각을 잃지 않는다면, 그것만으로도 충분하다."
34,34,4,7,#사랑많은 #감성적 #고독을즐김 #열정적인,"비 오는 오후, 혼자 앉아 커피를 마셨다. 창밖 풍경은 흐렸고, 마음도 잔잔했다. 요즘은 자주 생각한다. 내가 원하는 삶이 어떤 건지, 누군가와 함께 걷는다는 건 어떤 의미인지. 크게 흔들리지 않는 하루들 속에서, 나는 나 자신과 대화를 나누고 있었다. 조금 느려도 괜찮아. 내가 나로서 살아간다는 감각을 잃지 않는다면, 그것만으로도 충분하다."
35,35,4,8,#상처받기쉬운 #마이웨이 #창의적인 #낭만주의자,"비 오는 오후, 혼자 앉아 커피를 마셨다. 창밖 풍경은 흐렸고, 마음도 잔잔했다. 요즘은 자주 생각한다. 내가 원하는 삶이 어떤 건지, 누군가와 함께 걷는다는 건 어떤 의미인지. 크게 흔들리지 않는 하루들 속에서, 나는 나 자신과 대화를 나누고 있었다. 조금 느려도 괜찮아. 내가 나로서 살아간다는 감각을 잃지 않는다면, 그것만으로도 충분하다."
36,36,4,9,#상처받기쉬운 #고독을즐김 #엉뚱함 #무심한듯다정한,"비 오는 오후, 혼자 앉아 커피를 마셨다. 창밖 풍경은 흐렸고, 마음도 잔잔했다. 요즘은 자주 생각한다. 내가 원하는 삶이 어떤 건지, 누군가와 함께 걷는다는 건 어떤 의미인지. 크게 흔들리지 않는 하루들 속에서, 나는 나 자신과 대화를 나누고 있었다. 조금 느려도 괜찮아. 내가 나로서 살아간다는 감각을 잃지 않는다면, 그것만으로도 충분하다."
37,37,5,1,#무심한듯다정한 #외로움을잘느낌 #차분함 #낭만주의자,"비 오는 오후, 혼자 앉아 커피를 마셨다. 창밖 풍경은 흐렸고, 마음도 잔잔했다. 요즘은 자주 생각한다. 내가 원하는 삶이 어떤 건지, 누군가와 함께 걷는다는 건 어떤 의미인지. 크게 흔들리지 않는 하루들 속에서, 나는 나 자신과 대화를 나누고 있었다. 조금 느려도 괜찮아. 내가 나로서 살아간다는 감각을 잃지 않는다면, 그것만으로도 충분하다."
38,38,5,2,#사랑많은 #마이웨이 #긍정적인 #예민함,"비 오는 오후, 혼자 앉아 커피를 마셨다. 창밖 풍경은 흐렸고, 마음도 잔잔했다. 요즘은 자주 생각한다. 내가 원하는 삶이 어떤 건지, 누군가와 함께 걷는다는 건 어떤 의미인지. 크게 흔들리지 않는 하루들 속에서, 나는 나 자신과 대화를 나누고 있었다. 조금 느려도 괜찮아. 내가 나로서 살아간다는 감각을 잃지 않는다면, 그것만으로도 충분하다."
39,39,5,3,#명랑한성격 #고독을즐김 #열정적인 #신중함,"비 오는 오후, 혼자 앉아 커피를 마셨다. 창밖 풍경은 흐렸고, 마음도 잔잔했다. 요즘은 자주 생각한다. 내가 원하는 삶이 어떤 건지, 누군가와 함께 걷는다는 건 어떤 의미인지. 크게 흔들리지 않는 하루들 속에서, 나는 나 자신과 대화를 나누고 있었다. 조금 느려도 괜찮아. 내가 나로서 살아간다는 감각을 잃지 않는다면, 그것만으로도 충분하다."
40,40,5,4,#사랑많은 #낭만주의자 #상처받기쉬운 #열정적인,"비 오는 오후, 혼자 앉아 커피를 마셨다. 창밖 풍경은 흐렸고, 마음도 잔잔했다. 요즘은 자주 생각한다. 내가 원하는 삶이 어떤 건지, 누군가와 함께 걷는다는 건 어떤 의미인지. 크게 흔들리지 않는 하루들 속에서, 나는 나 자신과 대화를 나누고 있었다. 조금 느려도 괜찮아. 내가 나로서 살아간다는 감각을 잃지 않는다면, 그것만으로도 충분하다."
41,41,5,5,#낭만주의자 #내향적 #현실주의자 #엉뚱함,"비 오는 오후, 혼자 앉아 커피를 마셨다. 창밖 풍경은 흐렸고, 마음도 잔잔했다. 요즘은 자주 생각한다. 내가 원하는 삶이 어떤 건지, 누군가와 함께 걷는다는 건 어떤 의미인지. 크게 흔들리지 않는 하루들 속에서, 나는 나 자신과 대화를 나누고 있었다. 조금 느려도 괜찮아. 내가 나로서 살아간다는 감각을 잃지 않는다면, 그것만으로도 충분하다."
42,42,5,6,#명랑한성격 #외로움을잘느낌 #열정적인 #현실주의자,"비 오는 오후, 혼자 앉아 커피를 마셨다. 창밖 풍경은 흐렸고, 마음도 잔잔했다. 요즘은 자주 생각한다. 내가 원하는 삶이 어떤 건지, 누군가와 함께 걷는다는 건 어떤 의미인지. 크게 흔들리지 않는 하루들 속에서, 나는 나 자신과 대화를 나누고 있었다. 조금 느려도 괜찮아. 내가 나로서 살아간다는 감각을 잃지 않는다면, 그것만으로도 충분하다."
43,43,5,7,#이성적 #명랑한성격 #혼자생각많음 #고독을즐김,"비 오는 오후, 혼자 앉아 커피를 마셨다. 창밖 풍경은 흐렸고, 마음도 잔잔했다. 요즘은 자주 생각한다. 내가 원하는 삶이 어떤 건지, 누군가와 함께 걷는다는 건 어떤 의미인지. 크게 흔들리지 않는 하루들 속에서, 나는 나 자신과 대화를 나누고 있었다. 조금 느려도 괜찮아. 내가 나로서 살아간다는 감각을 잃지 않는다면, 그것만으로도 충분하다."
44,44,5,8,#차분함 #감성적 #마이웨이 #사랑많은,"비 오는 오후, 혼자 앉아 커피를 마셨다. 창밖 풍경은 흐렸고, 마음도 잔잔했다. 요즘은 자주 생각한다. 내가 원하는 삶이 어떤 건지, 누군가와 함께 걷는다는 건 어떤 의미인지. 크게 흔들리지 않는 하루들 속에서, 나는 나 자신과 대화를 나누고 있었다. 조금 느려도 괜찮아. 내가 나로서 살아간다는 감각을 잃지 않는다면, 그것만으로도 충분하다."
45,45,5,9,#내향적 #이성적 #무심한듯다정한 #엉뚱함,"비 오는 오후, 혼자 앉아 커피를 마셨다. 창밖 풍경은 흐렸고, 마음도 잔잔했다. 요즘은 자주 생각한다. 내가 원하는 삶이 어떤 건지, 누군가와 함께 걷는다는 건 어떤 의미인지. 크게 흔들리지 않는 하루들 속에서, 나는 나 자신과 대화를 나누고 있었다. 조금 느려도 괜찮아. 내가 나로서 살아간다는 감각을 잃지 않는다면, 그것만으로도 충분하다."
46,46,6,1,#신중함 #긍정적인 #혼자생각많음 #차분함,"비 오는 오후, 혼자 앉아 커피를 마셨다. 창밖 풍경은 흐렸고, 마음도 잔잔했다. 요즘은 자주 생각한다. 내가 원하는 삶이 어떤 건지, 누군가와 함께 걷는다는 건 어떤 의미인지. 크게 흔들리지 않는 하루들 속에서, 나는 나 자신과 대화를 나누고 있었다. 조금 느려도 괜찮아. 내가 나로서 살아간다는 감각을 잃지 않는다면, 그것만으로도 충분하다."
47,47,6,2,#외로움을잘느낌 #창의적인 #낭만주의자 #차분함,"비 오는 오후, 혼자 앉아 커피를 마셨다. 창밖 풍경은 흐렸고, 마음도 잔잔했다. 요즘은 자주 생각한다. 내가 원하는 삶이 어떤 건지, 누군가와 함께 걷는다는 건 어떤 의미인지. 크게 흔들리지 않는 하루들 속에서, 나는 나 자신과 대화를 나누고 있었다. 조금 느려도 괜찮아. 내가 나로서 살아간다는 감각을 잃지 않는다면, 그것만으로도 충분하다."
48,48,6,3,#엉뚱함 #창의적인 #마이웨이 #상처받기쉬운,"비 오는 오후, 혼자 앉아 커피를 마셨다. 창밖 풍경은 흐렸고, 마음도 잔잔했다. 요즘은 자주 생각한다. 내가 원하는 삶이 어떤 건지, 누군가와 함께 걷는다는 건 어떤 의미인지. 크게 흔들리지 않는 하루들 속에서, 나는 나 자신과 대화를 나누고 있었다. 조금 느려도 괜찮아. 내가 나로서 살아간다는 감각을 잃지 않는다면, 그것만으로도 충분하다."
49,49,6,4,#내향적 #상처받기쉬운 #이성적 #신중함,"비 오는 오후, 혼자 앉아 커피를 마셨다. 창밖 풍경은 흐렸고, 마음도 잔잔했다. 요즘은 자주 생각한다. 내가 원하는 삶이 어떤 건지, 누군가와 함께 걷는다는 건 어떤 의미인지. 크게 흔들리지 않는 하루들 속에서, 나는 나 자신과 대화를 나누고 있었다. 조금 느려도 괜찮아. 내가 나로서 살아간다는 감각을 잃지 않는다면, 그것만으로도 충분하다."
50,50,6,5,#혼자생각많음 #현실주의자 #사랑많은 #상처받기쉬운,"비 오는 오후, 혼자 앉아 커피를 마셨다. 창밖 풍경은 흐렸고, 마음도 잔잔했다. 요즘은 자주 생각한다. 내가 원하는 삶이 어떤 건지, 누군가와 함께 걷는다는 건 어떤 의미인지. 크게 흔들리지 않는 하루들 속에서, 나는 나 자신과 대화를 나누고 있었다. 조금 느려도 괜찮아. 내가 나로서 살아간다는 감각을 잃지 않는다면, 그것만으로도 충분하다."
51,51,6,6,#외로움을잘느낌 #낭만주의자 #열정적인 #예민함,"비 오는 오후, 혼자 앉아 커피를 마셨다. 창밖 풍경은 흐렸고, 마음도 잔잔했다. 요즘은 자주 생각한다. 내가 원하는 삶이 어떤 건지, 누군가와 함께 걷는다는 건 어떤 의미인지. 크게 흔들리지 않는 하루들 속에서, 나는 나 자신과 대화를 나누고 있었다. 조금 느려도 괜찮아. 내가 나로서 살아간다는 감각을 잃지 않는다면, 그것만으로도 충분하다."
52,52,6,7,#엉뚱함 #고독을즐김 #이성적 #열정적인,"비 오는 오후, 혼자 앉아 커피를 마셨다. 창밖 풍경은 흐렸고, 마음도 잔잔했다. 요즘은 자주 생각한다. 내가 원하는 삶이 어떤 건지, 누군가와 함께 걷는다는 건 어떤 의미인지. 크게 흔들리지 않는 하루들 속에서, 나는 나 자신과 대화를 나누고 있었다. 조금 느려도 괜찮아. 내가 나로서 살아간다는 감각을 잃지 않는다면, 그것만으로도 충분하다."
53,53,6,8,#예민함 #열정적인 #혼자생각많음 #창의적인,"비 오는 오후, 혼자 앉아 커피를 마셨다. 창밖 풍경은 흐렸고, 마음도 잔잔했다. 요즘은 자주 생각한다. 내가 원하는 삶이 어떤 건지, 누군가와 함께 걷는다는 건 어떤 의미인지. 크게 흔들리지 않는 하루들 속에서, 나는 나 자신과 대화를 나누고 있었다. 조금 느려도 괜찮아. 내가 나로서 살아간다는 감각을 잃지 않는다면, 그것만으로도 충분하다."
54,54,6,9,#고독을즐김 #긍정적인 #상처받기쉬운 #마이웨이,"비 오는 오후, 혼자 앉아 커피를 마셨다. 창밖 풍경은 흐렸고, 마음도 잔잔했다. 요즘은 자주 생각한다. 내가 원하는 삶이 어떤 건지, 누군가와 함께 걷는다는 건 어떤 의미인지. 크게 흔들리지 않는 하루들 속에서, 나는 나 자신과 대화를 나누고 있었다. 조금 느려도 괜찮아. 내가 나로서 살아간다는 감각을 잃지 않는다면, 그것만으로도 충분하다."
55,55,7,1,#사랑많은 #고독을즐김 #낭만주의자 #창의적인,"말하지 못한 것들이 쌓였다. 이해받지 못했던 시간들, 억눌렸던 감정들. 결국 터져버렸다. 나는 그에게 소리쳤고, 눈물이 흘러내렸다. 분노 속에서도 그리움이 섞여 있었고, 미움 속에도 여운이 남아 있었다. 누군가를 좋아한다는 건, 때로는 자신을 잃어버리는 일과도 같았다. 모든 게 산산이 부서진 후에야, 나는 나를 다시 마주할 수 있었다."
56,56,7,2,#낭만주의자 #고독을즐김 #창의적인 #내향적,"말하지 못한 것들이 쌓였다. 이해받지 못했던 시간들, 억눌렸던 감정들. 결국 터져버렸다. 나는 그에게 소리쳤고, 눈물이 흘러내렸다. 분노 속에서도 그리움이 섞여 있었고, 미움 속에도 여운이 남아 있었다. 누군가를 좋아한다는 건, 때로는 자신을 잃어버리는 일과도 같았다. 모든 게 산산이 부서진 후에야, 나는 나를 다시 마주할 수 있었다."
57,57,7,3,#엉뚱함 #외로움을잘느낌 #신중함 #내향적,"말하지 못한 것들이 쌓였다. 이해받지 못했던 시간들, 억눌렸던 감정들. 결국 터져버렸다. 나는 그에게 소리쳤고, 눈물이 흘러내렸다. 분노 속에서도 그리움이 섞여 있었고, 미움 속에도 여운이 남아 있었다. 누군가를 좋아한다는 건, 때로는 자신을 잃어버리는 일과도 같았다. 모든 게 산산이 부서진 후에야, 나는 나를 다시 마주할 수 있었다."
58,58,7,4,#열정적인 #혼자생각많음 #이성적 #명랑한성격,"비 오는 오후, 혼자 앉아 커피를 마셨다. 창밖 풍경은 흐렸고, 마음도 잔잔했다. 요즘은 자주 생각한다. 내가 원하는 삶이 어떤 건지, 누군가와 함께 걷는다는 건 어떤 의미인지. 크게 흔들리지 않는 하루들 속에서, 나는 나 자신과 대화를 나누고 있었다. 조금 느려도 괜찮아. 내가 나로서 살아간다는 감각을 잃지 않는다면, 그것만으로도 충분하다."
59,59,7,5,#외로움을잘느낌 #엉뚱함 #무심한듯다정한 #낭만주의자,"비 오는 오후, 혼자 앉아 커피를 마셨다. 창밖 풍경은 흐렸고, 마음도 잔잔했다. 요즘은 자주 생각한다. 내가 원하는 삶이 어떤 건지, 누군가와 함께 걷는다는 건 어떤 의미인지. 크게 흔들리지 않는 하루들 속에서, 나는 나 자신과 대화를 나누고 있었다. 조금 느려도 괜찮아. 내가 나로서 살아간다는 감각을 잃지 않는다면, 그것만으로도 충분하다."
60,60,7,6,#사랑많은 #열정적인 #긍정적인 #차분함,"비 오는 오후, 혼자 앉아 커피를 마셨다. 창밖 풍경은 흐렸고, 마음도 잔잔했다. 요즘은 자주 생각한다. 내가 원하는 삶이 어떤 건지, 누군가와 함께 걷는다는 건 어떤 의미인지. 크게 흔들리지 않는 하루들 속에서, 나는 나 자신과 대화를 나누고 있었다. 조금 느려도 괜찮아. 내가 나로서 살아간다는 감각을 잃지 않는다면, 그것만으로도 충분하다."
61,61,7,7,#예민함 #상처받기쉬운 #감성적 #고독을즐김,"그와 함께하는 하루하루가 마치 영화 같았다. 작은 카페에서 나눈 대화, 햇살 가득한 공원에서의 산책, 그리고 서로를 바라보며 웃던 순간들. 사랑은 늘 곁에 있었고, 우리는 그것을 충분히 누리고 있었다. 어쩌면 언젠가 끝이 올지도 모르지만, 지금 이 순간만큼은 영원하길 바랐다. 그의 손을 잡고, 나는 속삭였다. '우리, 지금처럼만 있어줘.'"
62,62,7,8,#외로움을잘느낌 #상처받기쉬운 #마이웨이 #고독을즐김,"그와 함께하는 하루하루가 마치 영화 같았다. 작은 카페에서 나눈 대화, 햇살 가득한 공원에서의 산책, 그리고 서로를 바라보며 웃던 순간들. 사랑은 늘 곁에 있었고, 우리는 그것을 충분히 누리고 있었다. 어쩌면 언젠가 끝이 올지도 모르지만, 지금 이 순간만큼은 영원하길 바랐다. 그의 손을 잡고, 나는 속삭였다. '우리, 지금처럼만 있어줘.'"
63,63,7,9,#고독을즐김 #열정적인 #현실주의자 #낭만주의자,"그와 함께하는 하루하루가 마치 영화 같았다. 작은 카페에서 나눈 대화, 햇살 가득한 공원에서의 산책, 그리고 서로를 바라보며 웃던 순간들. 사랑은 늘 곁에 있었고, 우리는 그것을 충분히 누리고 있었다. 어쩌면 언젠가 끝이 올지도 모르지만, 지금 이 순간만큼은 영원하길 바랐다. 그의 손을 잡고, 나는 속삭였다. '우리, 지금처럼만 있어줘.'"
64,64,8,1,#외로움을잘느낌 #현실주의자 #고독을즐김 #사랑많은,"말하지 못한 것들이 쌓였다. 이해받지 못했던 시간들, 억눌렸던 감정들. 결국 터져버렸다. 나는 그에게 소리쳤고, 눈물이 흘러내렸다. 분노 속에서도 그리움이 섞여 있었고, 미움 속에도 여운이 남아 있었다. 누군가를 좋아한다는 건, 때로는 자신을 잃어버리는 일과도 같았다. 모든 게 산산이 부서진 후에야, 나는 나를 다시 마주할 수 있었다."
65,65,8,2,#마이웨이 #상처받기쉬운 #엉뚱함 #외로움을잘느낌,"말하지 못한 것들이 쌓였다. 이해받지 못했던 시간들, 억눌렸던 감정들. 결국 터져버렸다. 나는 그에게 소리쳤고, 눈물이 흘러내렸다. 분노 속에서도 그리움이 섞여 있었고, 미움 속에도 여운이 남아 있었다. 누군가를 좋아한다는 건, 때로는 자신을 잃어버리는 일과도 같았다. 모든 게 산산이 부서진 후에야, 나는 나를 다시 마주할 수 있었다."
66,66,8,3,#차분함 #상처받기쉬운 #예민함 #무심한듯다정한,"말하지 못한 것들이 쌓였다. 이해받지 못했던 시간들, 억눌렸던 감정들. 결국 터져버렸다. 나는 그에게 소리쳤고, 눈물이 흘러내렸다. 분노 속에서도 그리움이 섞여 있었고, 미움 속에도 여운이 남아 있었다. 누군가를 좋아한다는 건, 때로는 자신을 잃어버리는 일과도 같았다. 모든 게 산산이 부서진 후에야, 나는 나를 다시 마주할 수 있었다."
67,67,8,4,#낭만주의자 #차분함 #혼자생각많음 #무심한듯다정한,"비 오는 오후, 혼자 앉아 커피를 마셨다. 창밖 풍경은 흐렸고, 마음도 잔잔했다. 요즘은 자주 생각한다. 내가 원하는 삶이 어떤 건지, 누군가와 함께 걷는다는 건 어떤 의미인지. 크게 흔들리지 않는 하루들 속에서, 나는 나 자신과 대화를 나누고 있었다. 조금 느려도 괜찮아. 내가 나로서 살아간다는 감각을 잃지 않는다면, 그것만으로도 충분하다."
68,68,8,5,#상처받기쉬운 #열정적인 #혼자생각많음 #고독을즐김,"비 오는 오후, 혼자 앉아 커피를 마셨다. 창밖 풍경은 흐렸고, 마음도 잔잔했다. 요즘은 자주 생각한다. 내가 원하는 삶이 어떤 건지, 누군가와 함께 걷는다는 건 어떤 의미인지. 크게 흔들리지 않는 하루들 속에서, 나는 나 자신과 대화를 나누고 있었다. 조금 느려도 괜찮아. 내가 나로서 살아간다는 감각을 잃지 않는다면, 그것만으로도 충분하다."
69,69,8,6,#혼자생각많음 #이성적 #예민함 #낭만주의자,"비 오는 오후, 혼자 앉아 커피를 마셨다. 창밖 풍경은 흐렸고, 마음도 잔잔했다. 요즘은 자주 생각한다. 내가 원하는 삶이 어떤 건지, 누군가와 함께 걷는다는 건 어떤 의미인지. 크게 흔들리지 않는 하루들 속에서, 나는 나 자신과 대화를 나누고 있었다. 조금 느려도 괜찮아. 내가 나로서 살아간다는 감각을 잃지 않는다면, 그것만으로도 충분하다."
70,70,8,7,#혼자생각많음 #예민함 #차분함 #엉뚱함,"그와 함께하는 하루하루가 마치 영화 같았다. 작은 카페에서 나눈 대화, 햇살 가득한 공원에서의 산책, 그리고 서로를 바라보며 웃던 순간들. 사랑은 늘 곁에 있었고, 우리는 그것을 충분히 누리고 있었다. 어쩌면 언젠가 끝이 올지도 모르지만, 지금 이 순간만큼은 영원하길 바랐다. 그의 손을 잡고, 나는 속삭였다. '우리, 지금처럼만 있어줘.'"
71,71,8,8,#이성적 #명랑한성격 #열정적인 #예민함,"그와 함께하는 하루하루가 마치 영화 같았다. 작은 카페에서 나눈 대화, 햇살 가득한 공원에서의 산책, 그리고 서로를 바라보며 웃던 순간들. 사랑은 늘 곁에 있었고, 우리는 그것을 충분히 누리고 있었다. 어쩌면 언젠가 끝이 올지도 모르지만, 지금 이 순간만큼은 영원하길 바랐다. 그의 손을 잡고, 나는 속삭였다. '우리, 지금처럼만 있어줘.'"
72,72,8,9,#내향적 #긍정적인 #낭만주의자 #이성적,"그와 함께하는 하루하루가 마치 영화 같았다. 작은 카페에서 나눈 대화, 햇살 가득한 공원에서의 산책, 그리고 서로를 바라보며 웃던 순간들. 사랑은 늘 곁에 있었고, 우리는 그것을 충분히 누리고 있었다. 어쩌면 언젠가 끝이 올지도 모르지만, 지금 이 순간만큼은 영원하길 바랐다. 그의 손을 잡고, 나는 속삭였다. '우리, 지금처럼만 있어줘.'"
73,73,9,1,#마이웨이 #외로움을잘느낌 #감성적 #사랑많은,"말하지 못한 것들이 쌓였다. 이해받지 못했던 시간들, 억눌렸던 감정들. 결국 터져버렸다. 나는 그에게 소리쳤고, 눈물이 흘러내렸다. 분노 속에서도 그리움이 섞여 있었고, 미움 속에도 여운이 남아 있었다. 누군가를 좋아한다는 건, 때로는 자신을 잃어버리는 일과도 같았다. 모든 게 산산이 부서진 후에야, 나는 나를 다시 마주할 수 있었다."
74,74,9,2,#마이웨이 #열정적인 #차분함 #현실주의자,"말하지 못한 것들이 쌓였다. 이해받지 못했던 시간들, 억눌렸던 감정들. 결국 터져버렸다. 나는 그에게 소리쳤고, 눈물이 흘러내렸다. 분노 속에서도 그리움이 섞여 있었고, 미움 속에도 여운이 남아 있었다. 누군가를 좋아한다는 건, 때로는 자신을 잃어버리는 일과도 같았다. 모든 게 산산이 부서진 후에야, 나는 나를 다시 마주할 수 있었다."
75,75,9,3,#차분함 #고독을즐김 #혼자생각많음 #무심한듯다정한,"말하지 못한 것들이 쌓였다. 이해받지 못했던 시간들, 억눌렸던 감정들. 결국 터져버렸다. 나는 그에게 소리쳤고, 눈물이 흘러내렸다. 분노 속에서도 그리움이 섞여 있었고, 미움 속에도 여운이 남아 있었다. 누군가를 좋아한다는 건, 때로는 자신을 잃어버리는 일과도 같았다. 모든 게 산산이 부서진 후에야, 나는 나를 다시 마주할 수 있었다."
76,76,9,4,#이성적 #명랑한성격 #고독을즐김 #상처받기쉬운,"비 오는 오후, 혼자 앉아 커피를 마셨다. 창밖 풍경은 흐렸고, 마음도 잔잔했다. 요즘은 자주 생각한다. 내가 원하는 삶이 어떤 건지, 누군가와 함께 걷는다는 건 어떤 의미인지. 크게 흔들리지 않는 하루들 속에서, 나는 나 자신과 대화를 나누고 있었다. 조금 느려도 괜찮아. 내가 나로서 살아간다는 감각을 잃지 않는다면, 그것만으로도 충분하다."
77,77,9,5,#사랑많은 #창의적인 #명랑한성격 #고독을즐김,"비 오는 오후, 혼자 앉아 커피를 마셨다. 창밖 풍경은 흐렸고, 마음도 잔잔했다. 요즘은 자주 생각한다. 내가 원하는 삶이 어떤 건지, 누군가와 함께 걷는다는 건 어떤 의미인지. 크게 흔들리지 않는 하루들 속에서, 나는 나 자신과 대화를 나누고 있었다. 조금 느려도 괜찮아. 내가 나로서 살아간다는 감각을 잃지 않는다면, 그것만으로도 충분하다."
78,78,9,6,#열정적인 #사랑많은 #고독을즐김 #차분함,"비 오는 오후, 혼자 앉아 커피를 마셨다. 창밖 풍경은 흐렸고, 마음도 잔잔했다. 요즘은 자주 생각한다. 내가 원하는 삶이 어떤 건지, 누군가와 함께 걷는다는 건 어떤 의미인지. 크게 흔들리지 않는 하루들 속에서, 나는 나 자신과 대화를 나누고 있었다. 조금 느려도 괜찮아. 내가 나로서 살아간다는 감각을 잃지 않는다면, 그것만으로도 충분하다."
79,79,9,7,#감성적 #긍정적인 #창의적인 #엉뚱함,"그와 함께하는 하루하루가 마치 영화 같았다. 작은 카페에서 나눈 대화, 햇살 가득한 공원에서의 산책, 그리고 서로를 바라보며 웃던 순간들. 사랑은 늘 곁에 있었고, 우리는 그것을 충분히 누리고 있었다. 어쩌면 언젠가 끝이 올지도 모르지만, 지금 이 순간만큼은 영원하길 바랐다. 그의 손을 잡고, 나는 속삭였다. '우리, 지금처럼만 있어줘.'"
80,80,9,8,#명랑한성격 #신중함 #무심한듯다정한 #차분함,"그와 함께하는 하루하루가 마치 영화 같았다. 작은 카페에서 나눈 대화, 햇살 가득한 공원에서의 산책, 그리고 서로를 바라보며 웃던 순간들. 사랑은 늘 곁에 있었고, 우리는 그것을 충분히 누리고 있었다. 어쩌면 언젠가 끝이 올지도 모르지만, 지금 이 순간만큼은 영원하길 바랐다. 그의 손을 잡고, 나는 속삭였다. '우리, 지금처럼만 있어줘.'"
81,81,9,9,#신중함 #사랑많은 #상처받기쉬운 #혼자생각많음,"그와 함께하는 하루하루가 마치 영화 같았다. 작은 카페에서 나눈 대화, 햇살 가득한 공원에서의 산책, 그리고 서로를 바라보며 웃던 순간들. 사랑은 늘 곁에 있었고, 우리는 그것을 충분히 누리고 있었다. 어쩌면 언젠가 끝이 올지도 모르지만, 지금 이 순간만큼은 영원하길 바랐다. 그의 손을 잡고, 나는 속삭였다. '우리, 지금처럼만 있어줘.'"
82,82,2,3,#차분함 #현실주의자 #긍정적인 #마이웨이,"그날은 유난히 바람이 차가웠다. 말없이 흘러가는 사람들 속에서 나는 그저 멈춰 서 있었다. 누군가 나를 이해해주길 바랐지만, 아무 말 없이 스쳐가는 눈빛들만이 남았다. 오랜만에 꺼내든 사진 한 장, 그리고 그 속에 담긴 따뜻했던 기억 하나. 외로움은 때로 고요하게 나를 감싸고, 나는 그 안에서 잠시 안정을 느낀다. 누군가와의 연결이 그리워질 때면, 조용히 다시 그 골목을 걷는다."
83,83,8,8,#외로움을잘느낌 #마이웨이 #사랑많은 #감성적,"그와 함께하는 하루하루가 마치 영화 같았다. 작은 카페에서 나눈 대화, 햇살 가득한 공원에서의 산책, 그리고 서로를 바라보며 웃던 순간들. 사랑은 늘 곁에 있었고, 우리는 그것을 충분히 누리고 있었다. 어쩌면 언젠가 끝이 올지도 모르지만, 지금 이 순간만큼은 영원하길 바랐다. 그의 손을 잡고, 나는 속삭였다. '우리, 지금처럼만 있어줘.'"
84,84,3,2,#명랑한성격 #신중함 #내향적 #엉뚱함,"그날은 유난히 바람이 차가웠다. 말없이 흘러가는 사람들 속에서 나는 그저 멈춰 서 있었다. 누군가 나를 이해해주길 바랐지만, 아무 말 없이 스쳐가는 눈빛들만이 남았다. 오랜만에 꺼내든 사진 한 장, 그리고 그 속에 담긴 따뜻했던 기억 하나. 외로움은 때로 고요하게 나를 감싸고, 나는 그 안에서 잠시 안정을 느낀다. 누군가와의 연결이 그리워질 때면, 조용히 다시 그 골목을 걷는다."
85,85,3,2,#현실주의자 #무심한듯다정한 #예민함 #창의적인,"그날은 유난히 바람이 차가웠다. 말없이 흘러가는 사람들 속에서 나는 그저 멈춰 서 있었다. 누군가 나를 이해해주길 바랐지만, 아무 말 없이 스쳐가는 눈빛들만이 남았다. 오랜만에 꺼내든 사진 한 장, 그리고 그 속에 담긴 따뜻했던 기억 하나. 외로움은 때로 고요하게 나를 감싸고, 나는 그 안에서 잠시 안정을 느낀다. 누군가와의 연결이 그리워질 때면, 조용히 다시 그 골목을 걷는다."
86,86,7,3,#감성적 #상처받기쉬운 #긍정적인 #외로움을잘느낌,"말하지 못한 것들이 쌓였다. 이해받지 못했던 시간들, 억눌렸던 감정들. 결국 터져버렸다. 나는 그에게 소리쳤고, 눈물이 흘러내렸다. 분노 속에서도 그리움이 섞여 있었고, 미움 속에도 여운이 남아 있었다. 누군가를 좋아한다는 건, 때로는 자신을 잃어버리는 일과도 같았다. 모든 게 산산이 부서진 후에야, 나는 나를 다시 마주할 수 있었다."
87,87,7,3,#창의적인 #사랑많은 #고독을즐김 #명랑한성격,"말하지 못한 것들이 쌓였다. 이해받지 못했던 시간들, 억눌렸던 감정들. 결국 터져버렸다. 나는 그에게 소리쳤고, 눈물이 흘러내렸다. 분노 속에서도 그리움이 섞여 있었고, 미움 속에도 여운이 남아 있었다. 누군가를 좋아한다는 건, 때로는 자신을 잃어버리는 일과도 같았다. 모든 게 산산이 부서진 후에야, 나는 나를 다시 마주할 수 있었다."
88,88,2,2,#현실주의자 #명랑한성격 #내향적 #사랑많은,"그날은 유난히 바람이 차가웠다. 말없이 흘러가는 사람들 속에서 나는 그저 멈춰 서 있었다. 누군가 나를 이해해주길 바랐지만, 아무 말 없이 스쳐가는 눈빛들만이 남았다. 오랜만에 꺼내든 사진 한 장, 그리고 그 속에 담긴 따뜻했던 기억 하나. 외로움은 때로 고요하게 나를 감싸고, 나는 그 안에서 잠시 안정을 느낀다. 누군가와의 연결이 그리워질 때면, 조용히 다시 그 골목을 걷는다."
89,89,6,4,#외로움을잘느낌 #무심한듯다정한 #이성적 #내향적,"비 오는 오후, 혼자 앉아 커피를 마셨다. 창밖 풍경은 흐렸고, 마음도 잔잔했다. 요즘은 자주 생각한다. 내가 원하는 삶이 어떤 건지, 누군가와 함께 걷는다는 건 어떤 의미인지. 크게 흔들리지 않는 하루들 속에서, 나는 나 자신과 대화를 나누고 있었다. 조금 느려도 괜찮아. 내가 나로서 살아간다는 감각을 잃지 않는다면, 그것만으로도 충분하다."
90,90,9,9,#현실주의자 #창의적인 #차분함 #상처받기쉬운,"그와 함께하는 하루하루가 마치 영화 같았다. 작은 카페에서 나눈 대화, 햇살 가득한 공원에서의 산책, 그리고 서로를 바라보며 웃던 순간들. 사랑은 늘 곁에 있었고, 우리는 그것을 충분히 누리고 있었다. 어쩌면 언젠가 끝이 올지도 모르지만, 지금 이 순간만큼은 영원하길 바랐다. 그의 손을 잡고, 나는 속삭였다. '우리, 지금처럼만 있어줘.'"
